Date,Mob dist,Thresh,Anomaly
2004-02-12 10:52:39,1.4588276489791967,3.81801118129221,False
2004-02-12 11:02:39,1.768769723163864,3.81801118129221,False
2004-02-12 11:12:39,1.6842735863705283,3.81801118129221,False
2004-02-12 11:22:39,2.8385161882166847,3.81801118129221,False
2004-02-12 11:32:39,1.4650656101916704,3.81801118129221,False
2004-02-12 11:42:39,1.6996372675505882,3.81801118129221,False
2004-02-12 11:52:39,2.662081538684234,3.81801118129221,False
2004-02-12 12:02:39,2.1380542609426803,3.81801118129221,False
2004-02-12 12:12:39,1.7766875001861582,3.81801118129221,False
2004-02-12 12:22:39,1.3447948366352822,3.81801118129221,False
2004-02-12 12:32:39,1.5091754839897102,3.81801118129221,False
2004-02-12 12:42:39,1.502713328098477,3.81801118129221,False
2004-02-12 12:52:39,1.0377942972372527,3.81801118129221,False
2004-02-12 13:02:39,1.0334094462811394,3.81801118129221,False
2004-02-12 13:12:39,1.9321021397361517,3.81801118129221,False
2004-02-12 13:22:39,1.6129969066608927,3.81801118129221,False
2004-02-12 13:32:39,1.1235428096635283,3.81801118129221,False
2004-02-12 13:42:39,1.7421467489746465,3.81801118129221,False
2004-02-12 13:52:39,1.2473252992526236,3.81801118129221,False
2004-02-12 14:02:39,2.2110984511020777,3.81801118129221,False
2004-02-12 14:12:39,2.3820504847001867,3.81801118129221,False
2004-02-12 14:22:39,2.321538962236621,3.81801118129221,False
2004-02-12 14:32:39,2.455328897630255,3.81801118129221,False
2004-02-12 14:42:39,1.4587541238286896,3.81801118129221,False
2004-02-12 14:52:39,0.9377914180911037,3.81801118129221,False
2004-02-12 15:02:39,1.2084081132122937,3.81801118129221,False
2004-02-12 15:12:39,1.9744243941246662,3.81801118129221,False
2004-02-12 15:22:39,0.9452707999715984,3.81801118129221,False
2004-02-12 15:32:39,2.04583150262708,3.81801118129221,False
2004-02-12 15:42:39,2.312882230910602,3.81801118129221,False
2004-02-12 15:52:39,0.09155071644301835,3.81801118129221,False
2004-02-12 16:02:39,1.7994299389092139,3.81801118129221,False
2004-02-12 16:12:39,2.0301106118054504,3.81801118129221,False
2004-02-12 16:22:39,0.4823266913210173,3.81801118129221,False
2004-02-12 16:32:39,0.8856833163834049,3.81801118129221,False
2004-02-12 16:42:39,2.099940959198942,3.81801118129221,False
2004-02-12 16:52:39,1.1864253986617785,3.81801118129221,False
2004-02-12 17:02:39,1.938687794585151,3.81801118129221,False
2004-02-12 17:12:39,1.71395050045994,3.81801118129221,False
2004-02-12 17:22:39,1.0827776264172693,3.81801118129221,False
2004-02-12 17:32:39,0.6799087248137633,3.81801118129221,False
2004-02-12 17:42:39,0.5472743402661085,3.81801118129221,False
2004-02-12 17:52:39,1.292043868472286,3.81801118129221,False
2004-02-12 18:02:39,0.193421295266282,3.81801118129221,False
2004-02-12 18:12:39,1.7380635353374103,3.81801118129221,False
2004-02-12 18:22:39,1.2189708379091486,3.81801118129221,False
2004-02-12 18:32:39,1.4899680215617817,3.81801118129221,False
2004-02-12 18:42:39,0.8008599462139517,3.81801118129221,False
2004-02-12 18:52:39,1.31182036442194,3.81801118129221,False
2004-02-12 19:02:39,1.4385446203807923,3.81801118129221,False
2004-02-12 19:12:39,1.044296983583612,3.81801118129221,False
2004-02-12 19:22:39,2.372551575396321,3.81801118129221,False
2004-02-12 19:32:39,1.0345225584301783,3.81801118129221,False
2004-02-12 19:42:39,1.3644845887508414,3.81801118129221,False
2004-02-12 19:52:39,0.39898315145303415,3.81801118129221,False
2004-02-12 20:02:39,1.6180064420903177,3.81801118129221,False
2004-02-12 20:12:39,2.2347582761199813,3.81801118129221,False
2004-02-12 20:22:39,2.0721232626007384,3.81801118129221,False
2004-02-12 20:32:39,1.1700522142115555,3.81801118129221,False
2004-02-12 20:42:39,1.7050874530231632,3.81801118129221,False
2004-02-12 20:52:39,2.050558493904544,3.81801118129221,False
2004-02-12 21:02:39,0.9343062955335257,3.81801118129221,False
2004-02-12 21:12:39,0.6102066127361608,3.81801118129221,False
2004-02-12 21:22:39,0.8193119993840202,3.81801118129221,False
2004-02-12 21:32:39,1.09657855443797,3.81801118129221,False
2004-02-12 21:42:39,0.7629952510654464,3.81801118129221,False
2004-02-12 21:52:39,1.5215169461441513,3.81801118129221,False
2004-02-12 22:02:39,0.5162391037279999,3.81801118129221,False
2004-02-12 22:12:39,1.0067017699022291,3.81801118129221,False
2004-02-12 22:22:39,0.8113721718051629,3.81801118129221,False
2004-02-12 22:32:39,1.5111660971318714,3.81801118129221,False
2004-02-12 22:42:39,1.672229997921122,3.81801118129221,False
2004-02-12 22:52:39,1.864755712223454,3.81801118129221,False
2004-02-12 23:02:39,1.2218854917300268,3.81801118129221,False
2004-02-12 23:12:39,0.3613143327309063,3.81801118129221,False
2004-02-12 23:22:39,0.7391530767096726,3.81801118129221,False
2004-02-12 23:32:39,1.6554841437060828,3.81801118129221,False
2004-02-12 23:42:39,1.1139107512728732,3.81801118129221,False
2004-02-12 23:52:39,1.8241415175133513,3.81801118129221,False
2004-02-13 00:02:39,1.2322481204446056,3.81801118129221,False
2004-02-13 00:12:39,0.05921903754602742,3.81801118129221,False
2004-02-13 00:22:39,1.4583572874958857,3.81801118129221,False
2004-02-13 00:32:39,0.43403028423780127,3.81801118129221,False
2004-02-13 00:42:39,1.194588829879142,3.81801118129221,False
2004-02-13 00:52:39,1.003282183458862,3.81801118129221,False
2004-02-13 01:02:39,1.8028768623999376,3.81801118129221,False
2004-02-13 01:12:39,1.2985012866115426,3.81801118129221,False
2004-02-13 01:22:39,1.3237299714607722,3.81801118129221,False
2004-02-13 01:32:39,1.02162630712752,3.81801118129221,False
2004-02-13 01:42:39,0.2562616219630261,3.81801118129221,False
2004-02-13 01:52:39,1.673793440646113,3.81801118129221,False
2004-02-13 02:02:39,1.259596980478214,3.81801118129221,False
2004-02-13 02:12:39,0.9950487556247012,3.81801118129221,False
2004-02-13 02:22:39,0.3999265752408614,3.81801118129221,False
2004-02-13 02:32:39,0.9521533858920203,3.81801118129221,False
2004-02-13 02:42:39,1.0527500820217108,3.81801118129221,False
2004-02-13 02:52:39,1.9316126319721236,3.81801118129221,False
2004-02-13 03:02:39,0.9435365089475655,3.81801118129221,False
2004-02-13 03:12:39,0.17395053598349391,3.81801118129221,False
2004-02-13 03:22:39,0.9392784508446621,3.81801118129221,False
2004-02-13 03:32:39,0.2943485961747811,3.81801118129221,False
2004-02-13 03:42:39,1.082963435426645,3.81801118129221,False
2004-02-13 03:52:39,0.9070672361929165,3.81801118129221,False
2004-02-13 04:02:39,1.31361529609482,3.81801118129221,False
2004-02-13 04:12:39,0.6546177255858942,3.81801118129221,False
2004-02-13 04:22:39,0.9886384834000147,3.81801118129221,False
2004-02-13 04:32:39,0.9691459262744969,3.81801118129221,False
2004-02-13 04:42:39,1.5311900807173457,3.81801118129221,False
2004-02-13 04:52:39,0.6014877362689081,3.81801118129221,False
2004-02-13 05:02:39,1.3820558732373356,3.81801118129221,False
2004-02-13 05:12:39,1.799078090554465,3.81801118129221,False
2004-02-13 05:22:39,0.748575078468326,3.81801118129221,False
2004-02-13 05:32:39,0.8621558831074096,3.81801118129221,False
2004-02-13 05:42:39,1.0035411343628604,3.81801118129221,False
2004-02-13 05:52:39,1.25188534491136,3.81801118129221,False
2004-02-13 06:02:39,0.8322778270935893,3.81801118129221,False
2004-02-13 06:12:39,1.7670503126665595,3.81801118129221,False
2004-02-13 06:22:39,0.2148032342172477,3.81801118129221,False
2004-02-13 06:32:39,1.2217353273820584,3.81801118129221,False
2004-02-13 06:42:39,1.7664556615343379,3.81801118129221,False
2004-02-13 06:52:39,0.6991347132226304,3.81801118129221,False
2004-02-13 07:02:39,1.0240147174530243,3.81801118129221,False
2004-02-13 07:12:39,1.5955309633909145,3.81801118129221,False
2004-02-13 07:22:39,0.15059860485244084,3.81801118129221,False
2004-02-13 07:32:39,1.7954549722856799,3.81801118129221,False
2004-02-13 07:42:39,0.8425023932224527,3.81801118129221,False
2004-02-13 07:52:39,0.7146801607733793,3.81801118129221,False
2004-02-13 08:02:39,1.6895684583969293,3.81801118129221,False
2004-02-13 08:12:39,0.678692681376123,3.81801118129221,False
2004-02-13 08:22:39,0.7866620718257643,3.81801118129221,False
2004-02-13 08:32:39,1.172446985685795,3.81801118129221,False
2004-02-13 08:42:39,1.7744827012264128,3.81801118129221,False
2004-02-13 08:52:39,0.3698487618467965,3.81801118129221,False
2004-02-13 09:02:39,1.4025399813038477,3.81801118129221,False
2004-02-13 09:12:39,1.0694929949288032,3.81801118129221,False
2004-02-13 09:22:39,0.320742269065441,3.81801118129221,False
2004-02-13 09:32:39,1.4157312280117367,3.81801118129221,False
2004-02-13 09:42:39,2.2897760714510595,3.81801118129221,False
2004-02-13 09:52:39,1.0747166275206772,3.81801118129221,False
2004-02-13 10:02:39,0.11553305875095242,3.81801118129221,False
2004-02-13 10:12:39,0.20904348732892764,3.81801118129221,False
2004-02-13 10:22:39,0.6624298998463077,3.81801118129221,False
2004-02-13 10:32:39,0.7581317690197046,3.81801118129221,False
2004-02-13 10:42:39,1.3255442260707284,3.81801118129221,False
2004-02-13 10:52:39,0.7328885086382412,3.81801118129221,False
2004-02-13 11:02:39,2.2468021088582453,3.81801118129221,False
2004-02-13 11:12:39,1.4123182764291757,3.81801118129221,False
2004-02-13 11:22:39,0.8725887068755818,3.81801118129221,False
2004-02-13 11:32:39,1.705475659185333,3.81801118129221,False
2004-02-13 11:42:39,0.9098791993481499,3.81801118129221,False
2004-02-13 11:52:39,0.25028148278178963,3.81801118129221,False
2004-02-13 12:02:39,1.102185148444574,3.81801118129221,False
2004-02-13 12:12:39,0.7608448935310923,3.81801118129221,False
2004-02-13 12:22:39,1.010790685082985,3.81801118129221,False
2004-02-13 12:32:39,1.3398166216790386,3.81801118129221,False
2004-02-13 12:42:39,0.8107737207698955,3.81801118129221,False
2004-02-13 12:52:39,1.4336649140552715,3.81801118129221,False
2004-02-13 13:02:39,0.3549492264018079,3.81801118129221,False
2004-02-13 13:12:39,1.5283025610923873,3.81801118129221,False
2004-02-13 13:22:39,0.9704300879935949,3.81801118129221,False
2004-02-13 13:32:39,1.697285506732612,3.81801118129221,False
2004-02-13 13:42:39,0.650050813659428,3.81801118129221,False
2004-02-13 13:52:39,1.7520590255535582,3.81801118129221,False
2004-02-13 14:02:39,1.6190537927182251,3.81801118129221,False
2004-02-13 14:12:39,0.1975673008121787,3.81801118129221,False
2004-02-13 14:22:39,0.2312097020573129,3.81801118129221,False
2004-02-13 14:32:39,0.8544131149303891,3.81801118129221,False
2004-02-13 14:42:39,2.093890608696861,3.81801118129221,False
2004-02-13 14:52:39,1.7158038972985108,3.81801118129221,False
2004-02-13 15:02:39,0.32330640899645474,3.81801118129221,False
2004-02-13 15:12:39,1.542429675366588,3.81801118129221,False
2004-02-13 15:22:39,1.9293722662106492,3.81801118129221,False
2004-02-13 15:32:39,1.6024586010866837,3.81801118129221,False
2004-02-13 15:42:39,1.1845493933717781,3.81801118129221,False
2004-02-13 15:52:39,0.5789172588603139,3.81801118129221,False
2004-02-13 16:02:39,1.4555903330514448,3.81801118129221,False
2004-02-13 16:12:39,1.9527330686142443,3.81801118129221,False
2004-02-13 16:22:39,1.83763518501946,3.81801118129221,False
2004-02-13 16:32:39,1.4245072771765912,3.81801118129221,False
2004-02-13 16:42:39,0.47757530254601016,3.81801118129221,False
2004-02-13 16:52:39,2.2812623008004373,3.81801118129221,False
2004-02-13 17:02:39,0.377708063852174,3.81801118129221,False
2004-02-13 17:12:39,1.1632138901983162,3.81801118129221,False
2004-02-13 17:22:39,0.5994416929122292,3.81801118129221,False
2004-02-13 17:32:39,0.3882439099132189,3.81801118129221,False
2004-02-13 17:42:39,3.168983845497454,3.81801118129221,False
2004-02-13 17:52:39,2.137976971117066,3.81801118129221,False
2004-02-13 18:02:39,1.4248465782139774,3.81801118129221,False
2004-02-13 18:12:39,2.267056345711159,3.81801118129221,False
2004-02-13 18:22:39,1.1514823074601468,3.81801118129221,False
2004-02-13 18:32:39,1.7517974383856225,3.81801118129221,False
2004-02-13 18:42:39,1.6899708340926325,3.81801118129221,False
2004-02-13 18:52:39,0.9920799308900831,3.81801118129221,False
2004-02-13 19:02:39,1.2188623359350192,3.81801118129221,False
2004-02-13 19:12:39,1.6219060224140986,3.81801118129221,False
2004-02-13 19:22:39,2.862204218522679,3.81801118129221,False
2004-02-13 19:32:39,0.788568283210019,3.81801118129221,False
2004-02-13 19:42:39,1.314605081870136,3.81801118129221,False
2004-02-13 19:52:39,0.7204419523574512,3.81801118129221,False
2004-02-13 20:02:39,1.1302799086321824,3.81801118129221,False
2004-02-13 20:12:39,1.1744679287693947,3.81801118129221,False
2004-02-13 20:22:39,0.9396544131899335,3.81801118129221,False
2004-02-13 20:32:39,1.540327885248221,3.81801118129221,False
2004-02-13 20:42:39,1.7094622650681366,3.81801118129221,False
2004-02-13 20:52:39,1.5365747800646516,3.81801118129221,False
2004-02-13 21:02:39,1.6417163208756902,3.81801118129221,False
2004-02-13 21:12:39,2.399164191286038,3.81801118129221,False
2004-02-13 21:22:39,2.1357018792048006,3.81801118129221,False
2004-02-13 21:32:39,2.1181600521231547,3.81801118129221,False
2004-02-13 21:42:39,1.6996636398253413,3.81801118129221,False
2004-02-13 21:52:39,0.15949666031406742,3.81801118129221,False
2004-02-13 22:02:39,1.9616184446118847,3.81801118129221,False
2004-02-13 22:12:39,1.5312747060236667,3.81801118129221,False
2004-02-13 22:22:39,1.5542402344660031,3.81801118129221,False
2004-02-13 22:32:39,2.211484677729606,3.81801118129221,False
2004-02-13 22:42:39,0.14494398832570174,3.81801118129221,False
2004-02-13 22:52:39,1.115770168009043,3.81801118129221,False
2004-02-13 23:02:39,1.1668254140402425,3.81801118129221,False
2004-02-13 23:12:39,1.1909034466593158,3.81801118129221,False
2004-02-13 23:22:39,1.0047633089828687,3.81801118129221,False
2004-02-13 23:32:39,1.6068590527830187,3.81801118129221,False
2004-02-13 23:42:39,1.1150147343366306,3.81801118129221,False
2004-02-13 23:52:39,1.0359722154136977,3.81801118129221,False
2004-02-13 23:52:39,1.0359722154136972,3.81801118129221,False
2004-02-14 00:02:39,1.1332689933155171,3.81801118129221,False
2004-02-14 00:12:39,1.5147230040193564,3.81801118129221,False
2004-02-14 00:22:39,1.8128352435554698,3.81801118129221,False
2004-02-14 00:32:39,0.787156088898479,3.81801118129221,False
2004-02-14 00:42:39,0.9932265588151376,3.81801118129221,False
2004-02-14 00:52:39,2.534535784279351,3.81801118129221,False
2004-02-14 01:02:39,2.061212072561504,3.81801118129221,False
2004-02-14 01:12:39,2.4196975576341435,3.81801118129221,False
2004-02-14 01:22:39,2.5993118026788085,3.81801118129221,False
2004-02-14 01:32:39,1.546953923283685,3.81801118129221,False
2004-02-14 01:42:39,1.309959660897794,3.81801118129221,False
2004-02-14 01:52:39,0.3862409802517175,3.81801118129221,False
2004-02-14 02:02:39,0.8911912334385462,3.81801118129221,False
2004-02-14 02:12:39,1.773108829499742,3.81801118129221,False
2004-02-14 02:22:39,1.111724622505947,3.81801118129221,False
2004-02-14 02:32:39,0.8931037337396533,3.81801118129221,False
2004-02-14 02:42:39,1.445550406651525,3.81801118129221,False
2004-02-14 02:52:39,1.6247122302539256,3.81801118129221,False
2004-02-14 03:02:39,2.452180199813711,3.81801118129221,False
2004-02-14 03:12:39,1.4119447059793664,3.81801118129221,False
2004-02-14 03:22:39,0.615555341673241,3.81801118129221,False
2004-02-14 03:32:39,0.8356914871466298,3.81801118129221,False
2004-02-14 03:42:39,2.3179641747998683,3.81801118129221,False
2004-02-14 03:52:39,0.6155618283899277,3.81801118129221,False
2004-02-14 04:02:39,1.7452373776965833,3.81801118129221,False
2004-02-14 04:12:39,2.074355992602504,3.81801118129221,False
2004-02-14 04:22:39,2.092261169426141,3.81801118129221,False
2004-02-14 04:32:39,0.19842896797481546,3.81801118129221,False
2004-02-14 04:42:39,1.0616590555925924,3.81801118129221,False
2004-02-14 04:52:39,1.139754886535296,3.81801118129221,False
2004-02-14 05:02:39,1.4276293309206378,3.81801118129221,False
2004-02-14 05:12:39,1.366269938638177,3.81801118129221,False
2004-02-14 05:22:39,2.0807165001785335,3.81801118129221,False
2004-02-14 05:32:39,2.2619038804589082,3.81801118129221,False
2004-02-14 05:42:39,0.22973774959352777,3.81801118129221,False
2004-02-14 05:52:39,1.3739443694727365,3.81801118129221,False
2004-02-14 06:02:39,1.0956095282319267,3.81801118129221,False
2004-02-14 06:12:39,1.043017658339889,3.81801118129221,False
2004-02-14 06:22:39,2.1733277685923347,3.81801118129221,False
2004-02-14 06:32:39,1.441785091659539,3.81801118129221,False
2004-02-14 06:42:39,0.204878634110327,3.81801118129221,False
2004-02-14 06:52:39,1.0589633038707837,3.81801118129221,False
2004-02-14 07:02:39,1.5624572081362602,3.81801118129221,False
2004-02-14 07:12:39,0.37496708682002294,3.81801118129221,False
2004-02-14 07:22:39,1.1330493970358106,3.81801118129221,False
2004-02-14 07:32:39,2.03830022206899,3.81801118129221,False
2004-02-14 07:42:39,1.360539955381757,3.81801118129221,False
2004-02-14 07:52:39,2.5204314139399124,3.81801118129221,False
2004-02-14 08:02:39,1.4649437738244757,3.81801118129221,False
2004-02-14 08:12:39,0.19063355274257035,3.81801118129221,False
2004-02-14 08:22:39,1.591144478298823,3.81801118129221,False
2004-02-14 08:32:39,0.6149543110489714,3.81801118129221,False
2004-02-14 08:42:39,1.8522607930898227,3.81801118129221,False
2004-02-14 08:52:39,1.2291871897711486,3.81801118129221,False
2004-02-14 09:02:39,2.5391698010330757,3.81801118129221,False
2004-02-14 09:12:39,1.1996284726271271,3.81801118129221,False
2004-02-14 09:22:39,1.1508732577373322,3.81801118129221,False
2004-02-14 09:32:39,2.085995390342883,3.81801118129221,False
2004-02-14 09:42:39,1.0815847448503382,3.81801118129221,False
2004-02-14 09:52:39,1.490036162230434,3.81801118129221,False
2004-02-14 10:02:39,2.3119764883046034,3.81801118129221,False
2004-02-14 10:12:39,0.7540211839383958,3.81801118129221,False
2004-02-14 10:22:39,2.081807087051177,3.81801118129221,False
2004-02-14 10:32:39,0.99642643672807,3.81801118129221,False
2004-02-14 10:42:39,2.136987470898282,3.81801118129221,False
2004-02-14 10:52:39,2.011796586514534,3.81801118129221,False
2004-02-14 11:02:39,1.1088278252339618,3.81801118129221,False
2004-02-14 11:12:39,1.5562513657934647,3.81801118129221,False
2004-02-14 11:22:39,1.3290640018721678,3.81801118129221,False
2004-02-14 11:32:39,1.7785907338555018,3.81801118129221,False
2004-02-14 11:42:39,1.647445709763017,3.81801118129221,False
2004-02-14 11:52:39,1.2830648164822251,3.81801118129221,False
2004-02-14 12:02:39,1.0085601674687856,3.81801118129221,False
2004-02-14 12:12:39,1.886805910592784,3.81801118129221,False
2004-02-14 12:22:39,0.5693159013430591,3.81801118129221,False
2004-02-14 12:32:39,1.1137042400790762,3.81801118129221,False
2004-02-14 12:42:39,1.4093792028904566,3.81801118129221,False
2004-02-14 12:52:39,1.9110939555482647,3.81801118129221,False
2004-02-14 13:02:39,1.6465376409246333,3.81801118129221,False
2004-02-14 13:12:39,0.8464286192685395,3.81801118129221,False
2004-02-14 13:22:39,2.3453411560167026,3.81801118129221,False
2004-02-14 13:32:39,1.7419531293876633,3.81801118129221,False
2004-02-14 13:42:39,1.3147169273967667,3.81801118129221,False
2004-02-14 13:52:39,2.0865349993762834,3.81801118129221,False
2004-02-14 14:02:39,3.082207423920483,3.81801118129221,False
2004-02-14 14:12:39,0.7153362759929456,3.81801118129221,False
2004-02-14 14:22:39,1.0683415361063753,3.81801118129221,False
2004-02-14 14:32:39,2.0850847705671436,3.81801118129221,False
2004-02-14 14:42:39,2.8530897501781145,3.81801118129221,False
2004-02-14 14:52:39,1.2033938300359948,3.81801118129221,False
2004-02-14 15:02:39,1.8931761684501778,3.81801118129221,False
2004-02-14 15:12:39,0.9952283321662795,3.81801118129221,False
2004-02-14 15:22:39,1.715886292104212,3.81801118129221,False
2004-02-14 15:32:39,1.3214176144889724,3.81801118129221,False
2004-02-14 15:42:39,2.152051520273006,3.81801118129221,False
2004-02-14 15:52:39,0.7463454830602273,3.81801118129221,False
2004-02-14 16:02:39,0.8554765356748754,3.81801118129221,False
2004-02-14 16:12:39,2.350050053517316,3.81801118129221,False
2004-02-14 16:22:39,1.2882109661471877,3.81801118129221,False
2004-02-14 16:32:39,0.8933153916701716,3.81801118129221,False
2004-02-14 16:42:39,1.429843500186679,3.81801118129221,False
2004-02-14 16:52:39,1.2482189682536904,3.81801118129221,False
2004-02-14 17:02:39,1.4729466415331678,3.81801118129221,False
2004-02-14 17:12:39,0.6650866841570456,3.81801118129221,False
2004-02-14 17:22:39,1.1665375521055459,3.81801118129221,False
2004-02-14 17:32:39,1.5030602044425845,3.81801118129221,False
2004-02-14 17:42:39,1.344390775434377,3.81801118129221,False
2004-02-14 17:52:39,3.037096772497149,3.81801118129221,False
2004-02-14 18:02:39,2.748897005563307,3.81801118129221,False
2004-02-14 18:12:39,2.059463980666772,3.81801118129221,False
2004-02-14 18:22:39,1.382993902870973,3.81801118129221,False
2004-02-14 18:32:39,2.4705831309221584,3.81801118129221,False
2004-02-14 18:42:39,1.1331555973085363,3.81801118129221,False
2004-02-14 18:52:39,1.5988721119917297,3.81801118129221,False
2004-02-14 19:02:39,0.5166223452200228,3.81801118129221,False
2004-02-14 19:12:39,2.501119414478761,3.81801118129221,False
2004-02-14 19:22:39,1.8467340484315902,3.81801118129221,False
2004-02-14 19:32:39,1.740538201349698,3.81801118129221,False
2004-02-14 19:42:39,0.9019013736596649,3.81801118129221,False
2004-02-14 19:52:39,2.140799787404159,3.81801118129221,False
2004-02-14 20:02:39,0.9168159745934275,3.81801118129221,False
2004-02-14 20:12:39,1.0768258187425088,3.81801118129221,False
2004-02-14 20:22:39,0.9600635519999496,3.81801118129221,False
2004-02-14 20:32:39,2.062086941969958,3.81801118129221,False
2004-02-14 20:42:39,2.1731768073140745,3.81801118129221,False
2004-02-14 20:52:39,3.1729112833317403,3.81801118129221,False
2004-02-14 21:02:39,1.4638236580809072,3.81801118129221,False
2004-02-14 21:12:39,0.7857621001056551,3.81801118129221,False
2004-02-14 21:22:39,1.950280279881184,3.81801118129221,False
2004-02-14 21:32:39,1.5381752792099304,3.81801118129221,False
2004-02-14 21:42:39,2.8855346843807896,3.81801118129221,False
2004-02-14 21:52:39,0.3491889364994272,3.81801118129221,False
2004-02-14 22:02:39,1.113703256210021,3.81801118129221,False
2004-02-14 22:12:39,1.6322230173965884,3.81801118129221,False
2004-02-14 22:22:39,1.5616987398794673,3.81801118129221,False
2004-02-14 22:32:39,1.6070740076114076,3.81801118129221,False
2004-02-14 22:42:39,3.1592453570087655,3.81801118129221,False
2004-02-14 22:52:39,1.7191661864271008,3.81801118129221,False
2004-02-14 23:02:39,1.3125777579212408,3.81801118129221,False
2004-02-14 23:12:39,1.1160843623994412,3.81801118129221,False
2004-02-14 23:22:39,1.2099324395200493,3.81801118129221,False
2004-02-14 23:32:39,1.6374432296516894,3.81801118129221,False
2004-02-14 23:42:39,0.3366364348622506,3.81801118129221,False
2004-02-14 23:52:39,2.090070442254957,3.81801118129221,False
2004-02-15 00:02:39,1.1614432822127398,3.81801118129221,False
2004-02-15 00:12:39,2.1377733262406347,3.81801118129221,False
2004-02-15 00:22:39,3.524084451058289,3.81801118129221,False
2004-02-15 00:32:39,2.2426451686535906,3.81801118129221,False
2004-02-15 00:42:39,1.2855879317461607,3.81801118129221,False
2004-02-15 00:52:39,1.2852477611252382,3.81801118129221,False
2004-02-15 01:02:39,1.3931321431197252,3.81801118129221,False
2004-02-15 01:12:39,3.1571278223812973,3.81801118129221,False
2004-02-15 01:22:39,2.218370960187528,3.81801118129221,False
2004-02-15 01:32:39,2.238517157629729,3.81801118129221,False
2004-02-15 01:42:39,2.3300070854172312,3.81801118129221,False
2004-02-15 01:52:39,1.2638134096938844,3.81801118129221,False
2004-02-15 02:02:39,0.19932146496150072,3.81801118129221,False
2004-02-15 02:12:39,1.3059958698157244,3.81801118129221,False
2004-02-15 02:22:39,1.68168026111524,3.81801118129221,False
2004-02-15 02:32:39,2.6484338867047574,3.81801118129221,False
2004-02-15 02:42:39,1.780132901778504,3.81801118129221,False
2004-02-15 02:52:39,2.01273915090053,3.81801118129221,False
2004-02-15 03:02:39,3.0252250705277492,3.81801118129221,False
2004-02-15 03:12:39,2.3028472345582225,3.81801118129221,False
2004-02-15 03:22:39,0.7855082109914046,3.81801118129221,False
2004-02-15 03:32:39,1.735920317787881,3.81801118129221,False
2004-02-15 03:42:39,1.2350096507511306,3.81801118129221,False
2004-02-15 03:52:39,0.9575576274949317,3.81801118129221,False
2004-02-15 04:02:39,0.7837248543830987,3.81801118129221,False
2004-02-15 04:12:39,0.7121763783379693,3.81801118129221,False
2004-02-15 04:22:39,1.6527098731605063,3.81801118129221,False
2004-02-15 04:32:39,1.398380661893053,3.81801118129221,False
2004-02-15 04:42:39,1.0705061162406304,3.81801118129221,False
2004-02-15 04:52:39,3.6988277188452416,3.81801118129221,False
2004-02-15 05:02:39,1.022967162200682,3.81801118129221,False
2004-02-15 05:12:39,1.2931316648728808,3.81801118129221,False
2004-02-15 05:22:39,2.9374647094164406,3.81801118129221,False
2004-02-15 05:32:39,1.7274047493724591,3.81801118129221,False
2004-02-15 05:42:39,4.149934344600131,3.81801118129221,True
2004-02-15 05:52:39,2.347612026649969,3.81801118129221,False
2004-02-15 06:02:39,1.8425028793348215,3.81801118129221,False
2004-02-15 06:12:39,2.0048728630805432,3.81801118129221,False
2004-02-15 06:22:39,2.5897996901601426,3.81801118129221,False
2004-02-15 06:32:39,1.9169817503234874,3.81801118129221,False
2004-02-15 06:42:39,2.3597010524291737,3.81801118129221,False
2004-02-15 06:52:39,1.762307139749794,3.81801118129221,False
2004-02-15 07:02:39,1.8942098756529955,3.81801118129221,False
2004-02-15 07:12:39,1.9875428234229504,3.81801118129221,False
2004-02-15 07:22:39,2.7595732270194344,3.81801118129221,False
2004-02-15 07:32:39,1.3291722433898823,3.81801118129221,False
2004-02-15 07:42:39,1.344132915765193,3.81801118129221,False
2004-02-15 07:52:39,1.8592498164199946,3.81801118129221,False
2004-02-15 08:02:39,1.5431255934975363,3.81801118129221,False
2004-02-15 08:12:39,1.8687041890839233,3.81801118129221,False
2004-02-15 08:22:39,2.713723624143289,3.81801118129221,False
2004-02-15 08:32:39,1.6554951193876615,3.81801118129221,False
2004-02-15 08:42:39,0.9674648876288595,3.81801118129221,False
2004-02-15 08:52:39,1.4985482383327124,3.81801118129221,False
2004-02-15 09:02:39,1.0866095956502093,3.81801118129221,False
2004-02-15 09:12:39,2.1490128205434793,3.81801118129221,False
2004-02-15 09:22:39,1.0743093803383668,3.81801118129221,False
2004-02-15 09:32:39,1.834889570993412,3.81801118129221,False
2004-02-15 09:42:39,2.023424972874388,3.81801118129221,False
2004-02-15 09:52:39,2.9707231773072813,3.81801118129221,False
2004-02-15 10:02:39,1.4001860805326232,3.81801118129221,False
2004-02-15 10:12:39,1.4097149608112798,3.81801118129221,False
2004-02-15 10:22:39,1.4697901559990336,3.81801118129221,False
2004-02-15 10:32:39,1.6491360169890454,3.81801118129221,False
2004-02-15 10:42:39,2.588840997337749,3.81801118129221,False
2004-02-15 10:52:39,1.1244649438328265,3.81801118129221,False
2004-02-15 11:02:39,1.1382416477710744,3.81801118129221,False
2004-02-15 11:12:39,1.7484910461496508,3.81801118129221,False
2004-02-15 11:22:39,2.2239835304290234,3.81801118129221,False
2004-02-15 11:32:39,2.6674563333601338,3.81801118129221,False
2004-02-15 11:42:39,1.3026269190802724,3.81801118129221,False
2004-02-15 11:52:39,1.1531152296116005,3.81801118129221,False
2004-02-15 12:02:39,1.6144203369115453,3.81801118129221,False
2004-02-15 12:12:39,1.9693139709672478,3.81801118129221,False
2004-02-15 12:22:39,1.068203182367065,3.81801118129221,False
2004-02-15 12:32:39,2.393044578815658,3.81801118129221,False
2004-02-15 12:42:39,0.18878871671227174,3.81801118129221,False
2004-02-15 12:52:39,1.3366003723707756,3.81801118129221,False
2004-02-15 13:02:39,2.1330723914026604,3.81801118129221,False
2004-02-15 13:12:39,2.497271081776827,3.81801118129221,False
2004-02-15 13:22:39,2.030982367499197,3.81801118129221,False
2004-02-15 13:32:39,1.5786414051984161,3.81801118129221,False
2004-02-15 13:42:39,0.4255803548288979,3.81801118129221,False
2004-02-15 13:52:39,1.8552370819328967,3.81801118129221,False
2004-02-15 14:02:39,0.3405617520161696,3.81801118129221,False
2004-02-15 14:12:39,0.5209462016824036,3.81801118129221,False
2004-02-15 14:22:39,1.6500465806395952,3.81801118129221,False
2004-02-15 14:32:39,2.455853883020099,3.81801118129221,False
2004-02-15 14:42:39,1.688503080143853,3.81801118129221,False
2004-02-15 14:52:39,2.2408405675977456,3.81801118129221,False
2004-02-15 15:02:39,0.9183950587733014,3.81801118129221,False
2004-02-15 15:12:39,1.7051580862833164,3.81801118129221,False
2004-02-15 15:22:39,1.8398604991863767,3.81801118129221,False
2004-02-15 15:32:39,0.5442995492095591,3.81801118129221,False
2004-02-15 15:42:39,1.6614923901904566,3.81801118129221,False
2004-02-15 15:52:39,1.7003861624977195,3.81801118129221,False
2004-02-15 16:02:39,2.6910142036187032,3.81801118129221,False
2004-02-15 16:12:39,1.3241517104270761,3.81801118129221,False
2004-02-15 16:22:39,2.1306781890871416,3.81801118129221,False
2004-02-15 16:32:39,0.6036897883056921,3.81801118129221,False
2004-02-15 16:42:39,3.102232669966624,3.81801118129221,False
2004-02-15 16:52:39,1.1839040079205903,3.81801118129221,False
2004-02-15 17:02:39,2.2949050938701787,3.81801118129221,False
2004-02-15 17:12:39,1.2630019941557489,3.81801118129221,False
2004-02-15 17:22:39,2.500906070660204,3.81801118129221,False
2004-02-15 17:32:39,0.8955004332953519,3.81801118129221,False
2004-02-15 17:42:39,1.3311262262124481,3.81801118129221,False
2004-02-15 17:52:39,1.4124713357843193,3.81801118129221,False
2004-02-15 18:02:39,1.8668827161701145,3.81801118129221,False
2004-02-15 18:12:39,2.004920454736015,3.81801118129221,False
2004-02-15 18:22:39,1.44151998824335,3.81801118129221,False
2004-02-15 18:32:39,2.6393213766392924,3.81801118129221,False
2004-02-15 18:42:39,1.7186136426559724,3.81801118129221,False
2004-02-15 18:52:39,2.1570122280856214,3.81801118129221,False
2004-02-15 19:02:39,2.490253445326346,3.81801118129221,False
2004-02-15 19:12:39,1.9118830759887198,3.81801118129221,False
2004-02-15 19:22:39,1.8652073124368642,3.81801118129221,False
2004-02-15 19:32:39,2.1398686398807505,3.81801118129221,False
2004-02-15 19:42:39,2.1934956532237972,3.81801118129221,False
2004-02-15 19:52:39,0.8394148817130758,3.81801118129221,False
2004-02-15 20:02:39,3.0943507834473416,3.81801118129221,False
2004-02-15 20:12:39,3.3137966384965005,3.81801118129221,False
2004-02-15 20:22:39,1.9221393275199634,3.81801118129221,False
2004-02-15 20:32:39,2.0088851253928293,3.81801118129221,False
2004-02-15 20:42:39,1.6523696006075321,3.81801118129221,False
2004-02-15 20:52:39,3.0788957043765444,3.81801118129221,False
2004-02-15 21:02:39,2.078323660608983,3.81801118129221,False
2004-02-15 21:12:39,1.8630859451250186,3.81801118129221,False
2004-02-15 21:22:39,1.7899029341086392,3.81801118129221,False
2004-02-15 21:32:39,1.6129639199768935,3.81801118129221,False
2004-02-15 21:42:39,2.4427630245787086,3.81801118129221,False
2004-02-15 21:52:39,2.911657633269378,3.81801118129221,False
2004-02-15 22:02:39,1.7875946343276605,3.81801118129221,False
2004-02-15 22:12:39,1.151430780815166,3.81801118129221,False
2004-02-15 22:22:39,1.09657121797647,3.81801118129221,False
2004-02-15 22:32:39,1.516108305937078,3.81801118129221,False
2004-02-15 22:42:39,0.9189208750743643,3.81801118129221,False
2004-02-15 22:52:39,1.40965224244274,3.81801118129221,False
2004-02-15 23:02:39,0.6333321279375611,3.81801118129221,False
2004-02-15 23:12:39,0.553044303952658,3.81801118129221,False
2004-02-15 23:22:39,1.2384504633432125,3.81801118129221,False
2004-02-15 23:32:39,1.4082434679438995,3.81801118129221,False
2004-02-15 23:42:39,1.9061912801443408,3.81801118129221,False
2004-02-15 23:52:39,1.4583322062959514,3.81801118129221,False
2004-02-16 00:02:39,1.5207098138205275,3.81801118129221,False
2004-02-16 00:12:39,1.4206137935417298,3.81801118129221,False
2004-02-16 00:22:39,1.5501956581828455,3.81801118129221,False
2004-02-16 00:32:39,1.38810005605997,3.81801118129221,False
2004-02-16 00:42:39,1.0191667504822763,3.81801118129221,False
2004-02-16 00:52:39,2.8534185703342176,3.81801118129221,False
2004-02-16 01:02:39,1.3685584440940215,3.81801118129221,False
2004-02-16 01:12:39,0.47084454677953136,3.81801118129221,False
2004-02-16 01:22:39,2.5273850287870503,3.81801118129221,False
2004-02-16 01:32:39,1.2494626899828485,3.81801118129221,False
2004-02-16 01:42:39,1.2859443851002688,3.81801118129221,False
2004-02-16 01:52:39,1.000848352567294,3.81801118129221,False
2004-02-16 02:02:39,2.3493553191166545,3.81801118129221,False
2004-02-16 02:12:39,1.15187517398854,3.81801118129221,False
2004-02-16 02:22:39,0.9309114095217349,3.81801118129221,False
2004-02-16 02:32:39,0.9412633106001105,3.81801118129221,False
2004-02-16 02:42:39,1.8481701139492173,3.81801118129221,False
2004-02-16 02:52:39,1.7555642817916057,3.81801118129221,False
2004-02-16 03:02:39,1.6943867834540953,3.81801118129221,False
2004-02-16 03:12:39,1.8577935177402953,3.81801118129221,False
2004-02-16 03:22:39,2.673370897730659,3.81801118129221,False
2004-02-16 03:32:39,1.653139789930069,3.81801118129221,False
2004-02-16 03:42:39,1.8808418669668494,3.81801118129221,False
2004-02-16 03:52:39,1.9533872565270314,3.81801118129221,False
2004-02-16 04:02:39,1.7291450359627412,3.81801118129221,False
2004-02-16 04:12:39,5.108661437857085,3.81801118129221,True
2004-02-16 04:22:39,3.7723999106390402,3.81801118129221,False
2004-02-16 04:32:39,1.5910606398822822,3.81801118129221,False
2004-02-16 04:42:39,1.798669036971032,3.81801118129221,False
2004-02-16 04:52:39,2.049477422783455,3.81801118129221,False
2004-02-16 05:02:39,2.632662048550631,3.81801118129221,False
2004-02-16 05:12:39,1.3362311432683147,3.81801118129221,False
2004-02-16 05:22:39,2.892948906956267,3.81801118129221,False
2004-02-16 05:32:39,1.9476917937380291,3.81801118129221,False
2004-02-16 05:42:39,2.7287427215162565,3.81801118129221,False
2004-02-16 05:52:39,2.88167589064639,3.81801118129221,False
2004-02-16 06:02:39,3.561155110453583,3.81801118129221,False
2004-02-16 06:12:39,4.909986552462574,3.81801118129221,True
2004-02-16 06:22:39,3.2484576714509523,3.81801118129221,False
2004-02-16 06:32:39,3.472437370068037,3.81801118129221,False
2004-02-16 06:42:39,2.6925729825029783,3.81801118129221,False
2004-02-16 06:52:39,4.005027929680753,3.81801118129221,True
2004-02-16 07:02:39,3.403669853457194,3.81801118129221,False
2004-02-16 07:12:39,1.5596006351150553,3.81801118129221,False
2004-02-16 07:22:39,4.273602831506704,3.81801118129221,True
2004-02-16 07:32:39,2.173853569237623,3.81801118129221,False
2004-02-16 07:42:39,3.4648490499237283,3.81801118129221,False
2004-02-16 07:52:39,3.987536459994548,3.81801118129221,True
2004-02-16 08:02:39,3.149711292083922,3.81801118129221,False
2004-02-16 08:12:39,3.366942214248476,3.81801118129221,False
2004-02-16 08:22:39,3.864519163823999,3.81801118129221,True
2004-02-16 08:32:39,2.4571112105939346,3.81801118129221,False
2004-02-16 08:42:39,3.2952581585963734,3.81801118129221,False
2004-02-16 08:52:39,4.189478166241949,3.81801118129221,True
2004-02-16 09:02:39,2.3836541744831825,3.81801118129221,False
2004-02-16 09:12:39,2.6227678613882723,3.81801118129221,False
2004-02-16 09:22:39,4.011805808418151,3.81801118129221,True
2004-02-16 09:32:39,3.5688915702607202,3.81801118129221,False
2004-02-16 09:42:39,4.216695858271876,3.81801118129221,True
2004-02-16 09:52:39,2.9192304276942256,3.81801118129221,False
2004-02-16 10:02:39,3.688868902432878,3.81801118129221,False
2004-02-16 10:12:39,3.4823594978477574,3.81801118129221,False
2004-02-16 10:22:39,4.863138577873251,3.81801118129221,True
2004-02-16 10:32:39,3.1249701174228663,3.81801118129221,False
2004-02-16 10:42:39,3.540000384727252,3.81801118129221,False
2004-02-16 10:52:39,3.3217882617530217,3.81801118129221,False
2004-02-16 11:02:39,6.068029395134418,3.81801118129221,True
2004-02-16 11:12:39,3.696409349334021,3.81801118129221,False
2004-02-16 11:22:39,4.810189871035615,3.81801118129221,True
2004-02-16 11:32:39,3.5465788058224788,3.81801118129221,False
2004-02-16 11:42:39,5.785599988593484,3.81801118129221,True
2004-02-16 11:52:39,3.261464024786938,3.81801118129221,False
2004-02-16 12:02:39,3.6584928342138716,3.81801118129221,False
2004-02-16 12:12:39,5.2203160249987155,3.81801118129221,True
2004-02-16 12:22:39,5.740224399904182,3.81801118129221,True
2004-02-16 12:32:39,3.6943756191119186,3.81801118129221,False
2004-02-16 12:42:39,5.561610360958403,3.81801118129221,True
2004-02-16 12:52:39,4.446285217271595,3.81801118129221,True
2004-02-16 13:02:39,3.311593023486404,3.81801118129221,False
2004-02-16 13:12:39,3.9911379374974985,3.81801118129221,True
2004-02-16 13:22:39,5.389838829835308,3.81801118129221,True
2004-02-16 13:32:39,5.772583038952483,3.81801118129221,True
2004-02-16 13:42:39,4.247530248409516,3.81801118129221,True
2004-02-16 13:52:39,4.454853936157886,3.81801118129221,True
2004-02-16 14:02:39,5.2219653530870005,3.81801118129221,True
2004-02-16 14:12:39,4.939095248723137,3.81801118129221,True
2004-02-16 14:22:39,4.902694023248224,3.81801118129221,True
2004-02-16 14:32:39,5.226477858510246,3.81801118129221,True
2004-02-16 14:42:39,5.0779687335589845,3.81801118129221,True
2004-02-16 14:52:39,4.438610295716941,3.81801118129221,True
2004-02-16 15:02:39,4.968379914935421,3.81801118129221,True
2004-02-16 15:12:39,4.493778456636305,3.81801118129221,True
2004-02-16 15:22:39,5.991653756717532,3.81801118129221,True
2004-02-16 15:32:39,4.498110993850987,3.81801118129221,True
2004-02-16 15:42:39,6.189570748005062,3.81801118129221,True
2004-02-16 15:52:39,7.091743391163597,3.81801118129221,True
2004-02-16 16:02:39,6.3085056544483065,3.81801118129221,True
2004-02-16 16:12:39,7.545378547434446,3.81801118129221,True
2004-02-16 16:22:39,5.77578320736203,3.81801118129221,True
2004-02-16 16:32:39,6.555536084093448,3.81801118129221,True
2004-02-16 16:42:39,6.558018033897581,3.81801118129221,True
2004-02-16 16:52:39,7.602801250363292,3.81801118129221,True
2004-02-16 17:02:39,7.1716500141269055,3.81801118129221,True
2004-02-16 17:12:39,6.290604965391349,3.81801118129221,True
2004-02-16 17:22:39,7.33164992114173,3.81801118129221,True
2004-02-16 17:32:39,7.498537676084727,3.81801118129221,True
2004-02-16 17:42:39,6.79657497933929,3.81801118129221,True
2004-02-16 17:52:39,4.454285139831618,3.81801118129221,True
2004-02-16 18:02:39,8.829898373004726,3.81801118129221,True
2004-02-16 18:12:39,6.441325675788199,3.81801118129221,True
2004-02-16 18:22:39,6.732864173645535,3.81801118129221,True
2004-02-16 18:32:39,7.615695148271204,3.81801118129221,True
2004-02-16 18:42:39,6.952930709140391,3.81801118129221,True
2004-02-16 18:52:39,6.617632974613925,3.81801118129221,True
2004-02-16 19:02:39,6.377706939605259,3.81801118129221,True
2004-02-16 19:12:39,7.844478120344028,3.81801118129221,True
2004-02-16 19:22:39,6.73003505016123,3.81801118129221,True
2004-02-16 19:32:39,5.663692461110241,3.81801118129221,True
2004-02-16 19:42:39,7.602103389600854,3.81801118129221,True
2004-02-16 19:52:39,8.083788512969177,3.81801118129221,True
2004-02-16 20:02:39,5.405785878838021,3.81801118129221,True
2004-02-16 20:12:39,7.286610090452763,3.81801118129221,True
2004-02-16 20:22:39,6.608172770743715,3.81801118129221,True
2004-02-16 20:32:39,6.833476542654277,3.81801118129221,True
2004-02-16 20:42:39,7.047667749014396,3.81801118129221,True
2004-02-16 20:52:39,6.398231800963163,3.81801118129221,True
2004-02-16 21:02:39,7.685215143922697,3.81801118129221,True
2004-02-16 21:12:39,7.35888536900733,3.81801118129221,True
2004-02-16 21:22:39,7.546979476983607,3.81801118129221,True
2004-02-16 21:32:39,7.949715573790853,3.81801118129221,True
2004-02-16 21:42:39,6.918746045687464,3.81801118129221,True
2004-02-16 21:52:39,7.172329576155736,3.81801118129221,True
2004-02-16 22:02:39,7.227457631604234,3.81801118129221,True
2004-02-16 22:12:39,7.867652419146072,3.81801118129221,True
2004-02-16 22:22:39,9.594619423133869,3.81801118129221,True
2004-02-16 22:32:39,10.675116307696124,3.81801118129221,True
2004-02-16 22:42:39,10.322152364921559,3.81801118129221,True
2004-02-16 22:52:39,11.286493945536352,3.81801118129221,True
2004-02-16 23:02:39,10.282688834559222,3.81801118129221,True
2004-02-16 23:12:39,9.795470930818928,3.81801118129221,True
2004-02-16 23:22:39,11.325776093567848,3.81801118129221,True
2004-02-16 23:32:39,10.294855736848639,3.81801118129221,True
2004-02-16 23:42:39,9.61422920614962,3.81801118129221,True
2004-02-16 23:52:39,10.803875884310257,3.81801118129221,True
2004-02-17 00:02:39,11.1941721830221,3.81801118129221,True
2004-02-17 00:12:39,10.049328601675635,3.81801118129221,True
2004-02-17 00:22:39,11.220042072392967,3.81801118129221,True
2004-02-17 00:32:39,10.90479964257385,3.81801118129221,True
2004-02-17 00:42:39,11.224814726111198,3.81801118129221,True
2004-02-17 00:52:39,12.683411742998462,3.81801118129221,True
2004-02-17 01:02:39,9.986467378519283,3.81801118129221,True
2004-02-17 01:12:39,9.67513671412806,3.81801118129221,True
2004-02-17 01:22:39,11.035136912022253,3.81801118129221,True
2004-02-17 01:32:39,12.319802415096245,3.81801118129221,True
2004-02-17 01:42:39,9.884711228118599,3.81801118129221,True
2004-02-17 01:52:39,9.424129243818934,3.81801118129221,True
2004-02-17 02:02:39,11.172719081608063,3.81801118129221,True
2004-02-17 02:12:39,11.243464608358995,3.81801118129221,True
2004-02-17 02:22:39,10.716472452336305,3.81801118129221,True
2004-02-17 02:32:39,10.05602014320154,3.81801118129221,True
2004-02-17 02:42:39,9.950921173626474,3.81801118129221,True
2004-02-17 02:52:39,10.932507204782999,3.81801118129221,True
2004-02-17 03:02:39,9.38624460617859,3.81801118129221,True
2004-02-17 03:12:39,9.82017185084948,3.81801118129221,True
2004-02-17 03:22:39,11.292100728140811,3.81801118129221,True
2004-02-17 03:32:39,11.255111364363712,3.81801118129221,True
2004-02-17 03:42:39,9.835392984307976,3.81801118129221,True
2004-02-17 03:52:39,10.357869763155918,3.81801118129221,True
2004-02-17 04:02:39,9.330656348346155,3.81801118129221,True
2004-02-17 04:12:39,10.11768413923986,3.81801118129221,True
2004-02-17 04:22:39,10.383572862631075,3.81801118129221,True
2004-02-17 04:32:39,10.711790927198667,3.81801118129221,True
2004-02-17 04:42:39,10.346559722704237,3.81801118129221,True
2004-02-17 04:52:39,11.53917591363719,3.81801118129221,True
2004-02-17 05:02:39,9.866577075349758,3.81801118129221,True
2004-02-17 05:12:39,11.79713799327793,3.81801118129221,True
2004-02-17 05:22:39,11.136259540838143,3.81801118129221,True
2004-02-17 05:32:39,10.955974294730183,3.81801118129221,True
2004-02-17 05:42:39,11.741277675666872,3.81801118129221,True
2004-02-17 05:52:39,11.361091212362066,3.81801118129221,True
2004-02-17 06:02:39,12.377797226214874,3.81801118129221,True
2004-02-17 06:12:39,11.198778849736167,3.81801118129221,True
2004-02-17 06:22:39,10.48126743642977,3.81801118129221,True
2004-02-17 06:32:39,11.97541456113189,3.81801118129221,True
2004-02-17 06:42:39,11.104771819946867,3.81801118129221,True
2004-02-17 06:52:39,10.14055975867887,3.81801118129221,True
2004-02-17 07:02:39,13.328006871861312,3.81801118129221,True
2004-02-17 07:12:39,13.957649944746587,3.81801118129221,True
2004-02-17 07:22:39,16.932487284039784,3.81801118129221,True
2004-02-17 07:32:39,34.441976844262356,3.81801118129221,True
2004-02-17 07:42:39,36.75838716115997,3.81801118129221,True
2004-02-17 07:52:39,36.06143915106686,3.81801118129221,True
2004-02-17 08:02:39,35.65050846142128,3.81801118129221,True
2004-02-17 08:12:39,34.540858373517736,3.81801118129221,True
2004-02-17 08:22:39,35.71397260450313,3.81801118129221,True
2004-02-17 08:32:39,35.28734110266025,3.81801118129221,True
2004-02-17 08:42:39,33.65577456223259,3.81801118129221,True
2004-02-17 08:52:39,36.4104360970813,3.81801118129221,True
2004-02-17 09:02:39,36.31346519863255,3.81801118129221,True
2004-02-17 09:12:39,34.30242779690643,3.81801118129221,True
2004-02-17 09:22:39,35.82154975344875,3.81801118129221,True
2004-02-17 09:32:39,35.54364162925185,3.81801118129221,True
2004-02-17 09:42:39,34.57962612913159,3.81801118129221,True
2004-02-17 09:52:39,33.227886036687366,3.81801118129221,True
2004-02-17 10:02:39,33.38001135042276,3.81801118129221,True
2004-02-17 10:12:39,33.762790605969755,3.81801118129221,True
2004-02-17 10:22:39,34.55012829355256,3.81801118129221,True
2004-02-17 10:32:39,33.28030513459921,3.81801118129221,True
2004-02-17 10:42:39,32.78104089288466,3.81801118129221,True
2004-02-17 10:52:39,32.41182727512441,3.81801118129221,True
2004-02-17 11:02:39,32.952471863493386,3.81801118129221,True
2004-02-17 11:12:39,33.540372691503144,3.81801118129221,True
2004-02-17 11:22:39,35.641261206676134,3.81801118129221,True
2004-02-17 11:32:39,35.20542445821622,3.81801118129221,True
2004-02-17 11:42:39,34.588077950144054,3.81801118129221,True
2004-02-17 11:52:39,33.35436066606424,3.81801118129221,True
2004-02-17 12:02:39,33.382219265775205,3.81801118129221,True
2004-02-17 12:12:39,34.630644609597006,3.81801118129221,True
2004-02-17 12:22:39,30.95281725168603,3.81801118129221,True
2004-02-17 12:32:39,32.5604608497654,3.81801118129221,True
2004-02-17 12:42:39,30.634069335210434,3.81801118129221,True
2004-02-17 12:52:39,31.859529290348213,3.81801118129221,True
2004-02-17 13:02:39,30.067509545684064,3.81801118129221,True
2004-02-17 13:12:39,30.1692702258379,3.81801118129221,True
2004-02-17 13:22:39,31.519588781617102,3.81801118129221,True
2004-02-17 13:32:39,27.099340323297636,3.81801118129221,True
2004-02-17 13:42:39,25.564221131511722,3.81801118129221,True
2004-02-17 13:52:39,29.386618238055373,3.81801118129221,True
2004-02-17 14:02:39,27.454539886236578,3.81801118129221,True
2004-02-17 14:12:39,27.434536060450426,3.81801118129221,True
2004-02-17 14:22:39,25.579411909373235,3.81801118129221,True
2004-02-17 14:32:39,26.627650225724107,3.81801118129221,True
2004-02-17 14:42:39,25.620702020954198,3.81801118129221,True
2004-02-17 14:52:39,26.341988893642007,3.81801118129221,True
2004-02-17 15:02:39,25.99893805819734,3.81801118129221,True
2004-02-17 15:12:39,27.285246858139697,3.81801118129221,True
2004-02-17 15:22:39,23.099738987143752,3.81801118129221,True
2004-02-17 15:32:39,26.585247282920133,3.81801118129221,True
2004-02-17 15:42:39,25.43790539586439,3.81801118129221,True
2004-02-17 15:52:39,24.222315337934923,3.81801118129221,True
2004-02-17 16:02:39,24.8951494642207,3.81801118129221,True
2004-02-17 16:12:39,24.461112177584262,3.81801118129221,True
2004-02-17 16:22:39,24.302856305077377,3.81801118129221,True
2004-02-17 16:32:39,21.477940451677668,3.81801118129221,True
2004-02-17 16:42:39,20.663044639073533,3.81801118129221,True
2004-02-17 16:52:39,21.840380071075586,3.81801118129221,True
2004-02-17 17:02:39,21.555123140240706,3.81801118129221,True
2004-02-17 17:12:39,19.336894446043946,3.81801118129221,True
2004-02-17 17:22:39,19.90996322788231,3.81801118129221,True
2004-02-17 17:32:39,20.53084748932812,3.81801118129221,True
2004-02-17 17:42:39,18.082618783467527,3.81801118129221,True
2004-02-17 17:52:39,17.137465600189497,3.81801118129221,True
2004-02-17 18:02:39,15.351189568488184,3.81801118129221,True
2004-02-17 18:12:39,16.29572062499218,3.81801118129221,True
2004-02-17 18:22:39,15.88466961674418,3.81801118129221,True
2004-02-17 18:32:39,17.67490151548478,3.81801118129221,True
2004-02-17 18:42:39,16.471479092489382,3.81801118129221,True
2004-02-17 18:52:39,15.987873413224111,3.81801118129221,True
2004-02-17 19:02:39,15.977569193748357,3.81801118129221,True
2004-02-17 19:12:39,15.786763864219319,3.81801118129221,True
2004-02-17 19:22:39,14.955176111552706,3.81801118129221,True
2004-02-17 19:32:39,14.226330228551557,3.81801118129221,True
2004-02-17 19:42:39,14.564370028848845,3.81801118129221,True
2004-02-17 19:52:39,15.988458715592627,3.81801118129221,True
2004-02-17 20:02:39,15.144475833617593,3.81801118129221,True
2004-02-17 20:12:39,14.613149980722934,3.81801118129221,True
2004-02-17 20:22:39,14.018984436653225,3.81801118129221,True
2004-02-17 20:32:39,14.59849139940384,3.81801118129221,True
2004-02-17 20:42:39,12.379431842886689,3.81801118129221,True
2004-02-17 20:52:39,14.307352968421153,3.81801118129221,True
2004-02-17 21:02:39,13.217436787911534,3.81801118129221,True
2004-02-17 21:12:39,12.72802605153219,3.81801118129221,True
2004-02-17 21:22:39,12.976069019898796,3.81801118129221,True
2004-02-17 21:32:39,13.89652749253522,3.81801118129221,True
2004-02-17 21:42:39,11.828136419056593,3.81801118129221,True
2004-02-17 21:52:39,14.263194053209801,3.81801118129221,True
2004-02-17 22:02:39,12.681423329513587,3.81801118129221,True
2004-02-17 22:12:39,13.095360313033945,3.81801118129221,True
2004-02-17 22:22:39,13.555810424278079,3.81801118129221,True
2004-02-17 22:32:39,12.999246995227255,3.81801118129221,True
2004-02-17 22:42:39,13.458652274076988,3.81801118129221,True
2004-02-17 22:52:39,14.937689391629503,3.81801118129221,True
2004-02-17 23:02:39,14.645278800748546,3.81801118129221,True
2004-02-17 23:12:39,13.458540758989136,3.81801118129221,True
2004-02-17 23:22:39,14.085555800689546,3.81801118129221,True
2004-02-17 23:32:39,12.429698248629656,3.81801118129221,True
2004-02-17 23:42:39,14.345269994332831,3.81801118129221,True
2004-02-17 23:52:39,14.401749440790045,3.81801118129221,True
2004-02-18 00:02:39,13.948800710492273,3.81801118129221,True
2004-02-18 00:12:39,14.41656853403779,3.81801118129221,True
2004-02-18 00:22:39,13.488746566685688,3.81801118129221,True
2004-02-18 00:32:39,15.786694187379535,3.81801118129221,True
2004-02-18 00:42:39,13.985760257418047,3.81801118129221,True
2004-02-18 00:52:39,14.74569935776366,3.81801118129221,True
2004-02-18 01:02:39,15.76169800158322,3.81801118129221,True
2004-02-18 01:12:39,17.225538760763,3.81801118129221,True
2004-02-18 01:22:39,14.124880749941426,3.81801118129221,True
2004-02-18 01:32:39,14.869619125877483,3.81801118129221,True
2004-02-18 01:42:39,13.851989833863254,3.81801118129221,True
2004-02-18 01:52:39,15.169191547177384,3.81801118129221,True
2004-02-18 02:02:39,14.220048555704214,3.81801118129221,True
2004-02-18 02:12:39,15.148726160676903,3.81801118129221,True
2004-02-18 02:22:39,15.277132841742368,3.81801118129221,True
2004-02-18 02:32:39,15.709354301230276,3.81801118129221,True
2004-02-18 02:42:39,16.583466202980688,3.81801118129221,True
2004-02-18 02:52:39,14.709237833444835,3.81801118129221,True
2004-02-18 03:02:39,16.85676076910785,3.81801118129221,True
2004-02-18 03:12:39,17.027315557366187,3.81801118129221,True
2004-02-18 03:22:39,15.707653819308197,3.81801118129221,True
2004-02-18 03:32:39,17.191802355215298,3.81801118129221,True
2004-02-18 03:42:39,25.195921481469256,3.81801118129221,True
2004-02-18 03:52:39,26.118043328458043,3.81801118129221,True
2004-02-18 04:02:39,25.89505115297198,3.81801118129221,True
2004-02-18 04:12:39,28.12798719221175,3.81801118129221,True
2004-02-18 04:22:39,25.555976525926734,3.81801118129221,True
2004-02-18 04:32:39,28.688866386979296,3.81801118129221,True
2004-02-18 04:42:39,29.64861565045979,3.81801118129221,True
2004-02-18 04:52:39,28.191934833411526,3.81801118129221,True
2004-02-18 05:02:39,29.963173760770022,3.81801118129221,True
2004-02-18 05:12:39,29.62413507217216,3.81801118129221,True
2004-02-18 05:22:39,30.88642908854177,3.81801118129221,True
2004-02-18 05:32:39,30.372933463667778,3.81801118129221,True
2004-02-18 05:42:39,33.380671028294,3.81801118129221,True
2004-02-18 05:52:39,32.146318836916606,3.81801118129221,True
2004-02-18 06:02:39,34.59944942279688,3.81801118129221,True
2004-02-18 06:12:39,35.40771260415086,3.81801118129221,True
2004-02-18 06:22:39,35.154584098778756,3.81801118129221,True
2004-02-18 06:32:39,36.35895450617782,3.81801118129221,True
2004-02-18 06:42:39,35.31839882495957,3.81801118129221,True
2004-02-18 06:52:39,36.50666806130884,3.81801118129221,True
2004-02-18 07:02:39,36.604371972378324,3.81801118129221,True
2004-02-18 07:12:39,36.617269871477056,3.81801118129221,True
2004-02-18 07:22:39,38.18438626480392,3.81801118129221,True
2004-02-18 07:32:39,36.720665684405446,3.81801118129221,True
2004-02-18 07:42:39,35.087773892146245,3.81801118129221,True
2004-02-18 07:52:39,38.97541816349084,3.81801118129221,True
2004-02-18 08:02:39,40.386998620824215,3.81801118129221,True
2004-02-18 08:12:39,39.64286734110068,3.81801118129221,True
2004-02-18 08:22:39,40.96594714538201,3.81801118129221,True
2004-02-18 08:32:39,38.684516569860456,3.81801118129221,True
2004-02-18 08:42:39,35.856863443644066,3.81801118129221,True
2004-02-18 08:52:39,35.33168597377497,3.81801118129221,True
2004-02-18 09:02:39,36.64844895908665,3.81801118129221,True
2004-02-18 09:12:39,38.524523856314744,3.81801118129221,True
2004-02-18 09:22:39,39.423498506076896,3.81801118129221,True
2004-02-18 09:32:39,36.739952041480144,3.81801118129221,True
2004-02-18 09:42:39,35.44385983000207,3.81801118129221,True
2004-02-18 09:52:39,36.8520427459782,3.81801118129221,True
2004-02-18 10:02:39,35.75089817969799,3.81801118129221,True
2004-02-18 10:12:39,39.4657370269244,3.81801118129221,True
2004-02-18 10:22:39,36.932579933156106,3.81801118129221,True
2004-02-18 10:32:39,36.42410869355303,3.81801118129221,True
2004-02-18 10:42:39,34.947140191796294,3.81801118129221,True
2004-02-18 10:52:39,34.29632805971782,3.81801118129221,True
2004-02-18 11:02:39,32.37444521580795,3.81801118129221,True
2004-02-18 11:12:39,31.76701214698669,3.81801118129221,True
2004-02-18 11:22:39,32.879169280215194,3.81801118129221,True
2004-02-18 11:32:39,32.71738760372102,3.81801118129221,True
2004-02-18 11:42:39,32.35917791960962,3.81801118129221,True
2004-02-18 11:52:39,40.06625644207459,3.81801118129221,True
2004-02-18 12:02:39,40.494416201655476,3.81801118129221,True
2004-02-18 12:12:39,38.974178603074535,3.81801118129221,True
2004-02-18 12:22:39,39.005635066045336,3.81801118129221,True
2004-02-18 12:32:39,38.69318865213105,3.81801118129221,True
2004-02-18 12:42:39,37.11629671481832,3.81801118129221,True
2004-02-18 12:52:39,35.86097894193548,3.81801118129221,True
2004-02-18 13:02:39,36.817254618461256,3.81801118129221,True
2004-02-18 13:12:39,38.55243601915557,3.81801118129221,True
2004-02-18 13:22:39,36.75543422460723,3.81801118129221,True
2004-02-18 13:32:39,36.606878425930496,3.81801118129221,True
2004-02-18 13:42:39,37.49253158950415,3.81801118129221,True
2004-02-18 13:52:39,38.66635173465618,3.81801118129221,True
2004-02-18 14:02:39,39.423662391032984,3.81801118129221,True
2004-02-18 14:12:39,39.49626498952041,3.81801118129221,True
2004-02-18 14:22:39,40.021775897326066,3.81801118129221,True
2004-02-18 14:32:39,38.91468542453966,3.81801118129221,True
2004-02-18 14:42:39,43.977224468073636,3.81801118129221,True
2004-02-18 14:52:39,40.22321138415668,3.81801118129221,True
2004-02-18 15:02:39,35.38622697730814,3.81801118129221,True
2004-02-18 15:12:39,35.80167801406166,3.81801118129221,True
2004-02-18 15:22:39,34.535621909505316,3.81801118129221,True
2004-02-18 15:32:39,32.67012348808486,3.81801118129221,True
2004-02-18 15:42:39,32.64166392484202,3.81801118129221,True
2004-02-18 15:52:39,32.15726750567478,3.81801118129221,True
2004-02-18 16:02:39,30.82865402050743,3.81801118129221,True
2004-02-18 16:12:39,32.05307330076069,3.81801118129221,True
2004-02-18 16:22:39,31.087758982242086,3.81801118129221,True
2004-02-18 16:32:39,31.002454119339415,3.81801118129221,True
2004-02-18 16:42:39,35.352025197993015,3.81801118129221,True
2004-02-18 16:52:39,35.757230129881336,3.81801118129221,True
2004-02-18 17:02:39,41.768913799477346,3.81801118129221,True
2004-02-18 17:12:39,43.38953286244381,3.81801118129221,True
2004-02-18 17:22:39,48.84924644866137,3.81801118129221,True
2004-02-18 17:32:39,54.45773492232436,3.81801118129221,True
2004-02-18 17:42:39,54.93233187463771,3.81801118129221,True
2004-02-18 17:52:39,57.15258046333346,3.81801118129221,True
2004-02-18 18:02:39,55.77537895382998,3.81801118129221,True
2004-02-18 18:12:39,53.354269478296835,3.81801118129221,True
2004-02-18 18:22:39,50.04234152179507,3.81801118129221,True
2004-02-18 18:32:39,55.033045350982306,3.81801118129221,True
2004-02-18 18:42:39,54.00838937694459,3.81801118129221,True
2004-02-18 18:52:39,55.36094944177573,3.81801118129221,True
2004-02-18 19:02:39,62.15640169595294,3.81801118129221,True
2004-02-18 19:12:39,58.78647493082433,3.81801118129221,True
2004-02-18 19:22:39,56.94569153613,3.81801118129221,True
2004-02-18 19:32:39,57.82098642607112,3.81801118129221,True
2004-02-18 19:42:39,57.4607423576901,3.81801118129221,True
2004-02-18 19:52:39,60.98725553526838,3.81801118129221,True
2004-02-18 20:02:39,61.21728492002113,3.81801118129221,True
2004-02-18 20:12:39,68.32672440865849,3.81801118129221,True
2004-02-18 20:22:39,68.71331985033493,3.81801118129221,True
2004-02-18 20:32:39,66.10831956996503,3.81801118129221,True
2004-02-18 20:42:39,66.29873076195756,3.81801118129221,True
2004-02-18 20:52:39,62.77575650330768,3.81801118129221,True
2004-02-18 21:02:39,57.7724418585485,3.81801118129221,True
2004-02-18 21:12:39,62.566896715151934,3.81801118129221,True
2004-02-18 21:22:39,69.04048797752203,3.81801118129221,True
2004-02-18 21:32:39,62.756996163399116,3.81801118129221,True
2004-02-18 21:42:39,68.44477347306812,3.81801118129221,True
2004-02-18 21:52:39,74.03111908333375,3.81801118129221,True
2004-02-18 22:02:39,77.46939479406822,3.81801118129221,True
2004-02-18 22:12:39,84.63589911115179,3.81801118129221,True
2004-02-18 22:22:39,101.21010003598244,3.81801118129221,True
2004-02-18 22:32:39,79.20818832748343,3.81801118129221,True
2004-02-18 22:42:39,81.1519248815718,3.81801118129221,True
2004-02-18 22:52:39,83.27983221195196,3.81801118129221,True
2004-02-18 23:02:39,68.899897262743,3.81801118129221,True
2004-02-18 23:12:39,69.1029335600114,3.81801118129221,True
2004-02-18 23:22:39,73.94426507886337,3.81801118129221,True
2004-02-18 23:32:39,73.60390702429937,3.81801118129221,True
2004-02-18 23:42:39,86.16851975904825,3.81801118129221,True
2004-02-18 23:52:39,81.28111090872707,3.81801118129221,True
2004-02-19 00:02:39,90.73071315430755,3.81801118129221,True
2004-02-19 00:12:39,83.42407878301167,3.81801118129221,True
2004-02-19 00:22:39,74.17140552206168,3.81801118129221,True
2004-02-19 00:32:39,68.07396198248077,3.81801118129221,True
2004-02-19 00:42:39,67.69983372326739,3.81801118129221,True
2004-02-19 00:52:39,84.31481158954395,3.81801118129221,True
2004-02-19 01:02:39,101.07979532902564,3.81801118129221,True
2004-02-19 01:12:39,109.13997230392673,3.81801118129221,True
2004-02-19 01:22:39,89.36121919444393,3.81801118129221,True
2004-02-19 01:32:39,105.33544341525582,3.81801118129221,True
2004-02-19 01:42:39,84.64532484573526,3.81801118129221,True
2004-02-19 01:52:39,94.5431097561167,3.81801118129221,True
2004-02-19 02:02:39,85.87753188340471,3.81801118129221,True
2004-02-19 02:12:39,113.89176735069232,3.81801118129221,True
2004-02-19 02:22:39,86.55266396704609,3.81801118129221,True
2004-02-19 02:32:39,114.13756657692932,3.81801118129221,True
2004-02-19 02:42:39,140.7251519486784,3.81801118129221,True
2004-02-19 02:52:39,133.80082580556424,3.81801118129221,True
2004-02-19 03:02:39,111.26196241573552,3.81801118129221,True
2004-02-19 03:12:39,111.70290419726648,3.81801118129221,True
2004-02-19 03:22:39,151.23502534072756,3.81801118129221,True
2004-02-19 03:32:39,154.17767559130905,3.81801118129221,True
2004-02-19 03:42:39,180.85584731258473,3.81801118129221,True
2004-02-19 03:52:39,153.78704082242425,3.81801118129221,True
2004-02-19 04:02:39,163.88771151295026,3.81801118129221,True
2004-02-19 04:12:39,195.25345950558656,3.81801118129221,True
2004-02-19 04:22:39,212.03109317813363,3.81801118129221,True
2004-02-19 04:32:39,191.55365043662357,3.81801118129221,True
2004-02-19 04:42:39,149.2405687765966,3.81801118129221,True
2004-02-19 04:52:39,218.94153707981837,3.81801118129221,True
2004-02-19 05:02:39,256.73130668909994,3.81801118129221,True
2004-02-19 05:12:39,230.97509326747644,3.81801118129221,True
2004-02-19 05:22:39,231.285065344942,3.81801118129221,True
2004-02-19 05:32:39,213.08453137143994,3.81801118129221,True
2004-02-19 05:42:39,298.13487202693744,3.81801118129221,True
2004-02-19 05:52:39,209.00706689801555,3.81801118129221,True
2004-02-19 06:02:39,230.64221839132202,3.81801118129221,True
2004-02-19 06:12:39,106.56337311515854,3.81801118129221,True
2004-02-19 06:22:39,108.1632624477471,3.81801118129221,True
